ID,avg s valence electrons,avg p valence electrons,avg d valence electrons,avg f valence electrons,frac s valence electrons,frac p valence electrons,frac d valence electrons,frac f valence electrons
UmVhY3Rpb246NDI4Mjc1,1.8666666666666667,0.26666666666666666,4.8,0.0,0.2692307692307692,0.03846153846153846,0.6923076923076923,0.0
UmVhY3Rpb246Njkw,1.5,1.0,1.5,0.0,0.375,0.25,0.375,0.0
UmVhY3Rpb246NzI2,1.5,1.0,1.5,0.0,0.375,0.25,0.375,0.0
UmVhY3Rpb246NDMyOTYx,1.90625,0.09375,5.25,0.0,0.2629310344827586,0.01293103448275862,0.7241379310344828,0.0
UmVhY3Rpb246NzM2,1.4,0.6,1.2,0.0,0.43749999999999994,0.18749999999999997,0.37499999999999994,0.0
UmVhY3Rpb246NDM1NzQy,2.0,0.3333333333333333,5.333333333333333,0.0,0.2608695652173913,0.043478260869565216,0.6956521739130435,0.0
UmVhY3Rpb246NzYw,2.0,2.0,2.0,0.0,0.3333333333333333,0.3333333333333333,0.3333333333333333,0.0
UmVhY3Rpb246MzM5MDIw,1.0666666666666667,0.26666666666666666,8.0,0.0,0.11428571428571428,0.02857142857142857,0.8571428571428571,0.0
UmVhY3Rpb246MzM5MDIx,1.0666666666666667,0.26666666666666666,8.0,0.0,0.11428571428571428,0.02857142857142857,0.8571428571428571,0.0
UmVhY3Rpb246Njk1,1.25,1.0,2.5,0.0,0.2631578947368421,0.21052631578947367,0.5263157894736842,0.0
UmVhY3Rpb246Njc1,1.25,1.0,2.5,0.0,0.2631578947368421,0.21052631578947367,0.5263157894736842,0.0
UmVhY3Rpb246Njg=,1.2,0.8,8.0,0.0,0.12,0.08,0.8,0.0
UmVhY3Rpb246Njk=,1.2,0.8,8.0,0.0,0.12,0.08,0.8,0.0
UmVhY3Rpb246Njc=,1.2,0.8,8.0,0.0,0.12,0.08,0.8,0.0
UmVhY3Rpb246NjY1,1.6666666666666667,2.6666666666666665,3.3333333333333335,0.0,0.21739130434782608,0.34782608695652173,0.43478260869565216,0.0
UmVhY3Rpb246NzA4,1.2,0.6,2.0,0.0,0.3157894736842105,0.15789473684210525,0.5263157894736842,0.0
UmVhY3Rpb246Njg3,1.2,0.6,2.0,0.0,0.3157894736842105,0.15789473684210525,0.5263157894736842,0.0
UmVhY3Rpb246Njcz,1.5,1.25,2.5,0.0,0.2857142857142857,0.23809523809523808,0.47619047619047616,0.0
UmVhY3Rpb246NDMzNjc5,1.0303030303030303,0.09090909090909091,9.696969696969697,0.0,0.09523809523809523,0.008403361344537815,0.896358543417367,0.0
UmVhY3Rpb246NDMzNjg4,1.0526315789473684,0.15789473684210525,9.473684210526315,0.0,0.09852216748768472,0.014778325123152709,0.8866995073891625,0.0
UmVhY3Rpb246NDM1NjEx,1.1111111111111112,0.3333333333333333,8.88888888888889,0.0,0.10752688172043011,0.03225806451612903,0.8602150537634409,0.0
UmVhY3Rpb246MTc0NDgw,1.04,0.12,9.6,0.0,0.09665427509293681,0.011152416356877323,0.8921933085501859,0.0
UmVhY3Rpb246MTAz,1.3333333333333333,1.0,6.666666666666667,0.0,0.14814814814814814,0.1111111111111111,0.7407407407407408,0.0
UmVhY3Rpb246NjY5,1.6666666666666667,2.0,3.3333333333333335,0.0,0.2380952380952381,0.2857142857142857,0.4761904761904762,0.0
UmVhY3Rpb246Njg0,1.6666666666666667,2.0,3.3333333333333335,0.0,0.2380952380952381,0.2857142857142857,0.4761904761904762,0.0
UmVhY3Rpb246NjY2,1.2857142857142858,0.5714285714285714,1.4285714285714286,0.0,0.391304347826087,0.17391304347826086,0.4347826086956522,0.0
UmVhY3Rpb246NDM0MDgy,1.0666666666666667,0.23333333333333334,9.266666666666667,0.9333333333333333,0.0927536231884058,0.02028985507246377,0.8057971014492754,0.08115942028985508
UmVhY3Rpb246NDM0MDky,1.0425531914893618,0.14893617021276595,9.51063829787234,0.8936170212765957,0.08990825688073395,0.012844036697247705,0.8201834862385321,0.07706422018348623
UmVhY3Rpb246NDM0MDk2,1.048780487804878,0.17073170731707318,9.463414634146341,0.6829268292682927,0.09227467811158799,0.015021459227467813,0.8326180257510729,0.06008583690987125
UmVhY3Rpb246Njk3,1.6666666666666667,2.3333333333333335,3.3333333333333335,0.0,0.2272727272727273,0.31818181818181823,0.4545454545454546,0.0
UmVhY3Rpb246Njgy,1.6666666666666667,2.3333333333333335,3.3333333333333335,0.0,0.2272727272727273,0.31818181818181823,0.4545454545454546,0.0
UmVhY3Rpb246MTM=,1.3333333333333333,1.1666666666666667,6.666666666666667,0.0,0.14545454545454545,0.1272727272727273,0.7272727272727274,0.0
UmVhY3Rpb246Njk5,1.6666666666666667,2.3333333333333335,3.3333333333333335,0.0,0.2272727272727273,0.31818181818181823,0.4545454545454546,0.0
UmVhY3Rpb246NzA3,1.6666666666666667,2.3333333333333335,3.3333333333333335,0.0,0.2272727272727273,0.31818181818181823,0.4545454545454546,0.0
UmVhY3Rpb246Njc3,1.6666666666666667,2.3333333333333335,3.3333333333333335,0.0,0.2272727272727273,0.31818181818181823,0.4545454545454546,0.0
UmVhY3Rpb246MzM5NTg0,1.8666666666666667,1.0666666666666667,0.0,0.0,0.6363636363636365,0.36363636363636365,0.0,0.0
UmVhY3Rpb246MzM5NTg1,1.8666666666666667,1.0666666666666667,0.0,0.0,0.6363636363636365,0.36363636363636365,0.0,0.0
UmVhY3Rpb246NDM1NzI4,2.0,1.2222222222222223,0.0,0.0,0.6206896551724138,0.37931034482758624,0.0,0.0
UmVhY3Rpb246MzM5MDU3,1.0666666666666667,0.26666666666666666,8.0,11.2,0.051948051948051945,0.012987012987012986,0.3896103896103896,0.5454545454545454
UmVhY3Rpb246Njc0,1.25,1.0,2.5,3.5,0.15151515151515152,0.12121212121212122,0.30303030303030304,0.42424242424242425
UmVhY3Rpb246Njgz,1.25,1.0,2.5,3.5,0.15151515151515152,0.12121212121212122,0.30303030303030304,0.42424242424242425
UmVhY3Rpb246NDMzMDI3,1.03125,0.09375,8.75,12.25,0.046610169491525424,0.00423728813559322,0.3954802259887006,0.5536723163841808
UmVhY3Rpb246NDMzMDMz,1.025,0.075,9.0,12.6,0.04515418502202643,0.003303964757709251,0.39647577092511016,0.5550660792951542
UmVhY3Rpb246NzE1,1.2,0.6,2.0,2.8,0.18181818181818182,0.09090909090909091,0.30303030303030304,0.42424242424242425
UmVhY3Rpb246Njg2,1.2,0.6,2.0,2.8,0.18181818181818182,0.09090909090909091,0.30303030303030304,0.42424242424242425
UmVhY3Rpb246NDMzNDYx,1.0303030303030303,0.09090909090909091,9.696969696969697,13.575757575757576,0.04223602484472049,0.0037267080745341614,0.3975155279503106,0.5565217391304348
UmVhY3Rpb246NDMzNDcw,1.0526315789473684,0.15789473684210525,9.473684210526315,13.263157894736842,0.04395604395604396,0.006593406593406593,0.3956043956043956,0.5538461538461539
UmVhY3Rpb246NDM1NjM1,1.1111111111111112,0.3333333333333333,8.88888888888889,12.444444444444445,0.04878048780487805,0.014634146341463414,0.3902439024390244,0.5463414634146342
UmVhY3Rpb246MTc0NDY4,1.04,0.12,9.6,13.44,0.04297520661157025,0.0049586776859504135,0.39669421487603307,0.5553719008264463
UmVhY3Rpb246NjY3,1.6666666666666667,2.0,3.3333333333333335,4.666666666666667,0.14285714285714288,0.17142857142857143,0.28571428571428575,0.4
UmVhY3Rpb246NzE5,1.6666666666666667,2.0,3.3333333333333335,4.666666666666667,0.14285714285714288,0.17142857142857143,0.28571428571428575,0.4
UmVhY3Rpb246NDMxOTc0,1.173913043478261,0.6521739130434783,5.869565217391305,8.217391304347826,0.0737704918032787,0.04098360655737705,0.36885245901639346,0.5163934426229508
UmVhY3Rpb246NjY4,1.2857142857142858,0.5714285714285714,1.4285714285714286,2.0,0.24324324324324326,0.1081081081081081,0.2702702702702703,0.3783783783783784
UmVhY3Rpb246NDMzOTc3,1.0666666666666667,0.23333333333333334,9.266666666666667,13.066666666666666,0.045133991537376586,0.009873060648801129,0.39210155148095915,0.5528913963328632
UmVhY3Rpb246NDMzOTg3,1.0425531914893618,0.14893617021276595,9.51063829787234,13.404255319148936,0.043248014121800536,0.00617828773168579,0.3945278022947926,0.5560458958517212
UmVhY3Rpb246NDMzOTkx,1.048780487804878,0.17073170731707318,9.463414634146341,13.317073170731707,0.04369918699186992,0.007113821138211383,0.3943089430894309,0.5548780487804877
UmVhY3Rpb246Njc4,1.6666666666666667,2.3333333333333335,3.3333333333333335,4.666666666666667,0.1388888888888889,0.19444444444444445,0.2777777777777778,0.3888888888888889
UmVhY3Rpb246NzEy,1.6666666666666667,2.3333333333333335,3.3333333333333335,4.666666666666667,0.1388888888888889,0.19444444444444445,0.2777777777777778,0.3888888888888889
UmVhY3Rpb246Njky,1.6666666666666667,2.3333333333333335,3.3333333333333335,4.666666666666667,0.1388888888888889,0.19444444444444445,0.2777777777777778,0.3888888888888889
UmVhY3Rpb246NzEx,1.6666666666666667,2.3333333333333335,3.3333333333333335,4.666666666666667,0.1388888888888889,0.19444444444444445,0.2777777777777778,0.3888888888888889
UmVhY3Rpb246NzEw,1.6666666666666667,2.3333333333333335,3.3333333333333335,4.666666666666667,0.1388888888888889,0.19444444444444445,0.2777777777777778,0.3888888888888889
UmVhY3Rpb246MzM5NTUx,1.0666666666666667,0.26666666666666666,8.0,0.0,0.11428571428571428,0.02857142857142857,0.8571428571428571,0.0
UmVhY3Rpb246MzM5NTUy,1.0666666666666667,0.26666666666666666,8.0,0.0,0.11428571428571428,0.02857142857142857,0.8571428571428571,0.0
UmVhY3Rpb246NzA0,1.25,1.0,2.5,0.0,0.2631578947368421,0.21052631578947367,0.5263157894736842,0.0
UmVhY3Rpb246Njc2,1.25,1.0,2.5,0.0,0.2631578947368421,0.21052631578947367,0.5263157894736842,0.0
UmVhY3Rpb246NzI=,1.2,0.8,8.0,0.0,0.12,0.08,0.8,0.0
UmVhY3Rpb246NzE=,1.2,0.8,8.0,0.0,0.12,0.08,0.8,0.0
UmVhY3Rpb246NzA=,1.2,0.8,8.0,0.0,0.12,0.08,0.8,0.0
UmVhY3Rpb246NzA2,1.6666666666666667,2.6666666666666665,3.3333333333333335,0.0,0.21739130434782608,0.34782608695652173,0.43478260869565216,0.0
UmVhY3Rpb246NDMzMDE1,1.03125,0.09375,8.75,0.0,0.10443037974683544,0.00949367088607595,0.8860759493670886,0.0
UmVhY3Rpb246NDMzMDIx,1.025,0.075,9.0,0.0,0.10148514851485148,0.007425742574257425,0.8910891089108911,0.0
UmVhY3Rpb246Njkz,1.2,0.6,2.0,0.0,0.3157894736842105,0.15789473684210525,0.5263157894736842,0.0
UmVhY3Rpb246NzIy,1.2,0.6,2.0,0.0,0.3157894736842105,0.15789473684210525,0.5263157894736842,0.0
UmVhY3Rpb246NzAz,1.5,1.25,2.5,0.0,0.2857142857142857,0.23809523809523808,0.47619047619047616,0.0
UmVhY3Rpb246NDMxNjAy,1.1111111111111112,0.3333333333333333,8.88888888888889,0.0,0.10752688172043011,0.03225806451612903,0.8602150537634409,0.0
UmVhY3Rpb246NDMxNjA4,1.1111111111111112,0.3333333333333333,8.88888888888889,0.0,0.10752688172043011,0.03225806451612903,0.8602150537634409,0.0
UmVhY3Rpb246NDMzNTE1,1.0303030303030303,0.09090909090909091,9.696969696969697,0.0,0.09523809523809523,0.008403361344537815,0.896358543417367,0.0
UmVhY3Rpb246NDMzNTE5,1.0303030303030303,0.09090909090909091,9.696969696969697,0.0,0.09523809523809523,0.008403361344537815,0.896358543417367,0.0
UmVhY3Rpb246NDMzNTM1,1.048780487804878,0.14634146341463414,9.512195121951219,0.0,0.09794988610478361,0.01366742596810934,0.8883826879271071,0.0
UmVhY3Rpb246NDMzNTQx,1.048780487804878,0.14634146341463414,9.512195121951219,0.0,0.09794988610478361,0.01366742596810934,0.8883826879271071,0.0
UmVhY3Rpb246NDMzNTQz,1.048780487804878,0.14634146341463414,9.512195121951219,0.0,0.09794988610478361,0.01366742596810934,0.8883826879271071,0.0
UmVhY3Rpb246NDMzNTYx,1.0303030303030303,0.09090909090909091,9.696969696969697,0.0,0.09523809523809523,0.008403361344537815,0.896358543417367,0.0
UmVhY3Rpb246NDMzNTYy,1.0303030303030303,0.09090909090909091,9.696969696969697,0.0,0.09523809523809523,0.008403361344537815,0.896358543417367,0.0
UmVhY3Rpb246NDMzNTY1,1.0303030303030303,0.09090909090909091,9.696969696969697,0.0,0.09523809523809523,0.008403361344537815,0.896358543417367,0.0
UmVhY3Rpb246NDMzNTc5,1.0425531914893618,0.1276595744680851,9.574468085106384,0.0,0.09702970297029703,0.01188118811881188,0.8910891089108911,0.0
UmVhY3Rpb246NDMzNTgw,1.0425531914893618,0.1276595744680851,9.574468085106384,0.0,0.09702970297029703,0.01188118811881188,0.8910891089108911,0.0
UmVhY3Rpb246NDMzNjEy,1.0526315789473684,0.15789473684210525,9.473684210526315,0.0,0.09852216748768472,0.014778325123152709,0.8866995073891625,0.0
UmVhY3Rpb246NDMzNjE3,1.0526315789473684,0.15789473684210525,9.473684210526315,0.0,0.09852216748768472,0.014778325123152709,0.8866995073891625,0.0
UmVhY3Rpb246NDMzNjE5,1.0526315789473684,0.15789473684210525,9.473684210526315,0.0,0.09852216748768472,0.014778325123152709,0.8866995073891625,0.0
UmVhY3Rpb246NDMzNjMy,1.0571428571428572,0.17142857142857143,9.428571428571429,0.0,0.09919571045576409,0.0160857908847185,0.8847184986595175,0.0
UmVhY3Rpb246NDMzNjQw,1.0571428571428572,0.17142857142857143,9.428571428571429,0.0,0.09919571045576409,0.0160857908847185,0.8847184986595175,0.0
UmVhY3Rpb246NDMzNjQy,1.0571428571428572,0.17142857142857143,9.428571428571429,0.0,0.09919571045576409,0.0160857908847185,0.8847184986595175,0.0
UmVhY3Rpb246NDMzNjQ4,1.0571428571428572,0.17142857142857143,9.428571428571429,0.0,0.09919571045576409,0.0160857908847185,0.8847184986595175,0.0
UmVhY3Rpb246NDM1NTQ3,1.1111111111111112,0.3333333333333333,8.88888888888889,0.0,0.10752688172043011,0.03225806451612903,0.8602150537634409,0.0
UmVhY3Rpb246MTc0NDk2,1.04,0.12,9.6,0.0,0.09665427509293681,0.011152416356877323,0.8921933085501859,0.0
UmVhY3Rpb246ODI3MjY=,1.0526315789473684,0.15789473684210525,9.473684210526315,0.0,0.09852216748768472,0.014778325123152709,0.8866995073891625,0.0
UmVhY3Rpb246NzM1,1.6666666666666667,2.0,3.3333333333333335,0.0,0.2380952380952381,0.2857142857142857,0.4761904761904762,0.0
UmVhY3Rpb246MTA3,1.3333333333333333,1.0,6.666666666666667,0.0,0.14814814814814814,0.1111111111111111,0.7407407407407408,0.0
UmVhY3Rpb246NzE3,1.6666666666666667,2.0,3.3333333333333335,0.0,0.2380952380952381,0.2857142857142857,0.4761904761904762,0.0
UmVhY3Rpb246Njcw,1.2857142857142858,0.5714285714285714,1.4285714285714286,0.0,0.391304347826087,0.17391304347826086,0.4347826086956522,0.0
UmVhY3Rpb246NDMzOTk4,1.0666666666666667,0.23333333333333334,9.266666666666667,0.9333333333333333,0.0927536231884058,0.02028985507246377,0.8057971014492754,0.08115942028985508
UmVhY3Rpb246NDM0MDA4,1.0425531914893618,0.14893617021276595,9.51063829787234,0.8936170212765957,0.08990825688073395,0.012844036697247705,0.8201834862385321,0.07706422018348623
UmVhY3Rpb246NDM0MDEy,1.048780487804878,0.17073170731707318,9.463414634146341,0.6829268292682927,0.09227467811158799,0.015021459227467813,0.8326180257510729,0.06008583690987125
UmVhY3Rpb246MTg=,1.3333333333333333,1.1666666666666667,6.666666666666667,0.0,0.14545454545454545,0.1272727272727273,0.7272727272727274,0.0
UmVhY3Rpb246MTY=,1.3333333333333333,1.1666666666666667,6.666666666666667,0.0,0.14545454545454545,0.1272727272727273,0.7272727272727274,0.0
UmVhY3Rpb246NzQz,1.6666666666666667,2.3333333333333335,3.3333333333333335,0.0,0.2272727272727273,0.31818181818181823,0.4545454545454546,0.0
UmVhY3Rpb246NzQx,1.6666666666666667,2.3333333333333335,3.3333333333333335,0.0,0.2272727272727273,0.31818181818181823,0.4545454545454546,0.0
UmVhY3Rpb246MTc=,1.3333333333333333,1.1666666666666667,6.666666666666667,0.0,0.14545454545454545,0.1272727272727273,0.7272727272727274,0.0
UmVhY3Rpb246NzQ1,1.6666666666666667,2.3333333333333335,3.3333333333333335,0.0,0.2272727272727273,0.31818181818181823,0.4545454545454546,0.0
UmVhY3Rpb246NzM5,1.6666666666666667,2.3333333333333335,3.3333333333333335,0.0,0.2272727272727273,0.31818181818181823,0.4545454545454546,0.0
UmVhY3Rpb246NzQw,1.6666666666666667,2.3333333333333335,3.3333333333333335,0.0,0.2272727272727273,0.31818181818181823,0.4545454545454546,0.0
UmVhY3Rpb246Njk2,1.25,1.0,2.25,3.5,0.15625,0.125,0.28125,0.4375
UmVhY3Rpb246Njgw,1.25,1.0,2.25,3.5,0.15625,0.125,0.28125,0.4375
UmVhY3Rpb246NjM=,1.2,0.8,7.2,11.2,0.058823529411764705,0.03921568627450981,0.35294117647058826,0.5490196078431373
UmVhY3Rpb246NzAw,1.6666666666666667,2.6666666666666665,3.0,4.666666666666667,0.1388888888888889,0.2222222222222222,0.25,0.3888888888888889
UmVhY3Rpb246NDMzMDg3,1.03125,0.09375,7.875,12.25,0.04852941176470588,0.004411764705882353,0.37058823529411766,0.5764705882352941
UmVhY3Rpb246NDMzMDkz,1.025,0.075,8.1,12.6,0.04701834862385321,0.003440366972477064,0.37155963302752293,0.5779816513761468
UmVhY3Rpb246NzI5,1.2,0.6,1.8,2.8,0.18749999999999997,0.09374999999999999,0.28125,0.43749999999999994
UmVhY3Rpb246NzQ0,1.2,0.6,1.8,2.8,0.18749999999999997,0.09374999999999999,0.28125,0.43749999999999994
UmVhY3Rpb246NzUx,1.5,1.25,2.25,3.5,0.17647058823529413,0.14705882352941177,0.2647058823529412,0.4117647058823529
UmVhY3Rpb246NDM1NTU5,1.1111111111111112,0.3333333333333333,8.0,12.444444444444445,0.050761421319796954,0.015228426395939085,0.36548223350253806,0.5685279187817259
UmVhY3Rpb246ODI3MTc=,1.0526315789473684,0.15789473684210525,8.526315789473685,13.263157894736842,0.04576659038901602,0.006864988558352402,0.3707093821510298,0.5766590389016019
UmVhY3Rpb246MTc0NTA2,1.0526315789473684,0.15789473684210525,8.526315789473685,13.263157894736842,0.04576659038901602,0.006864988558352402,0.3707093821510298,0.5766590389016019
UmVhY3Rpb246NzUz,1.6666666666666667,2.0,3.0,4.666666666666667,0.14705882352941177,0.1764705882352941,0.2647058823529412,0.4117647058823529
UmVhY3Rpb246Nzcw,1.6666666666666667,2.0,3.0,4.666666666666667,0.14705882352941177,0.1764705882352941,0.2647058823529412,0.4117647058823529
UmVhY3Rpb246OTg=,1.3333333333333333,1.0,6.0,9.333333333333334,0.07547169811320754,0.056603773584905655,0.33962264150943394,0.5283018867924528
UmVhY3Rpb246OTk=,1.3333333333333333,1.0,6.0,9.333333333333334,0.07547169811320754,0.056603773584905655,0.33962264150943394,0.5283018867924528
UmVhY3Rpb246OTc=,1.3333333333333333,1.0,6.0,9.333333333333334,0.07547169811320754,0.056603773584905655,0.33962264150943394,0.5283018867924528
UmVhY3Rpb246NzM3,1.2857142857142858,0.5714285714285714,1.2857142857142858,2.0,0.25,0.11111111111111109,0.25,0.38888888888888884
UmVhY3Rpb246NDM0MTEz,1.0425531914893618,0.14893617021276595,8.617021276595745,13.404255319148936,0.044912923923006415,0.006416131989000916,0.3712190650779102,0.5774518790100824
UmVhY3Rpb246Nzgy,1.6666666666666667,2.3333333333333335,3.0,4.666666666666667,0.14285714285714288,0.2,0.2571428571428572,0.4
UmVhY3Rpb246Nzcy,1.6666666666666667,2.3333333333333335,3.0,4.666666666666667,0.14285714285714288,0.2,0.2571428571428572,0.4
UmVhY3Rpb246NzU2,1.6666666666666667,2.3333333333333335,3.0,4.666666666666667,0.14285714285714288,0.2,0.2571428571428572,0.4
UmVhY3Rpb246Nzc0,1.6666666666666667,2.3333333333333335,3.0,4.666666666666667,0.14285714285714288,0.2,0.2571428571428572,0.4
UmVhY3Rpb246Nzc2,1.6666666666666667,2.3333333333333335,3.0,4.666666666666667,0.14285714285714288,0.2,0.2571428571428572,0.4
UmVhY3Rpb246Njc5,1.5,1.0,2.0,0.0,0.3333333333333333,0.2222222222222222,0.4444444444444444,0.0
UmVhY3Rpb246NzE2,1.5,1.0,2.0,0.0,0.3333333333333333,0.2222222222222222,0.4444444444444444,0.0
UmVhY3Rpb246NzQ4,2.0,2.6666666666666665,2.6666666666666665,0.0,0.27272727272727276,0.36363636363636365,0.36363636363636365,0.0
UmVhY3Rpb246NDMzMDQ1,1.925,0.075,7.2,0.0,0.20923913043478262,0.008152173913043478,0.782608695652174,0.0
UmVhY3Rpb246NzA5,1.4,0.6,1.6,0.0,0.38888888888888884,0.16666666666666666,0.4444444444444445,0.0
UmVhY3Rpb246NzMz,1.4,0.6,1.6,0.0,0.38888888888888884,0.16666666666666666,0.4444444444444445,0.0
UmVhY3Rpb246NDMzNTA3,2.0,0.15789473684210525,7.578947368421052,0.0,0.20540540540540542,0.016216216216216217,0.7783783783783783,0.0
UmVhY3Rpb246NzY1,2.0,2.0,2.6666666666666665,0.0,0.3,0.3,0.39999999999999997,0.0
UmVhY3Rpb246NzU0,2.0,2.0,2.6666666666666665,0.0,0.3,0.3,0.39999999999999997,0.0
UmVhY3Rpb246Nzg5,2.0,2.3333333333333335,2.6666666666666665,0.0,0.2857142857142857,0.33333333333333337,0.38095238095238093,0.0
UmVhY3Rpb246Nzkw,2.0,2.3333333333333335,2.6666666666666665,0.0,0.2857142857142857,0.33333333333333337,0.38095238095238093,0.0
UmVhY3Rpb246Nzg3,2.0,2.3333333333333335,2.6666666666666665,0.0,0.2857142857142857,0.33333333333333337,0.38095238095238093,0.0
UmVhY3Rpb246Nzc5,2.0,2.3333333333333335,2.6666666666666665,0.0,0.2857142857142857,0.33333333333333337,0.38095238095238093,0.0
UmVhY3Rpb246Nzg0,2.0,2.3333333333333335,2.6666666666666665,0.0,0.2857142857142857,0.33333333333333337,0.38095238095238093,0.0
UmVhY3Rpb246MzM5MjIz,0.26666666666666666,0.26666666666666666,8.0,0.0,0.03125,0.03125,0.9375,0.0
UmVhY3Rpb246MzM5MjI0,0.26666666666666666,0.26666666666666666,8.0,0.0,0.03125,0.03125,0.9375,0.0
UmVhY3Rpb246MzM5MjI1,0.26666666666666666,0.26666666666666666,8.0,0.0,0.03125,0.03125,0.9375,0.0
UmVhY3Rpb246Njg4,1.0,1.0,2.5,0.0,0.2222222222222222,0.2222222222222222,0.5555555555555556,0.0
UmVhY3Rpb246NzAy,1.0,1.0,2.5,0.0,0.2222222222222222,0.2222222222222222,0.5555555555555556,0.0
UmVhY3Rpb246NTU=,0.4,0.8,8.0,0.0,0.04347826086956522,0.08695652173913045,0.8695652173913044,0.0
UmVhY3Rpb246NTY=,0.4,0.8,8.0,0.0,0.04347826086956522,0.08695652173913045,0.8695652173913044,0.0
UmVhY3Rpb246NTc=,0.4,0.8,8.0,0.0,0.04347826086956522,0.08695652173913045,0.8695652173913044,0.0
UmVhY3Rpb246NzIz,1.3333333333333333,2.6666666666666665,3.3333333333333335,0.0,0.18181818181818182,0.36363636363636365,0.4545454545454546,0.0
UmVhY3Rpb246NDMyOTk3,0.125,0.075,9.0,0.0,0.013586956521739132,0.008152173913043478,0.9782608695652175,0.0
UmVhY3Rpb246NzMy,1.0,0.6,2.0,0.0,0.2777777777777778,0.16666666666666666,0.5555555555555556,0.0
UmVhY3Rpb246NzIx,1.0,0.6,2.0,0.0,0.2777777777777778,0.16666666666666666,0.5555555555555556,0.0
UmVhY3Rpb246NDMxNjEx,0.2222222222222222,0.3333333333333333,8.88888888888889,0.0,0.023529411764705882,0.03529411764705882,0.9411764705882353,0.0
UmVhY3Rpb246NDMzNjYz,0.06060606060606061,0.09090909090909091,9.696969696969697,0.0,0.006153846153846155,0.009230769230769232,0.9846153846153847,0.0
UmVhY3Rpb246NDMzNjcx,0.10526315789473684,0.15789473684210525,9.473684210526315,0.0,0.010810810810810811,0.016216216216216217,0.9729729729729729,0.0
UmVhY3Rpb246NDM1NTQ5,0.2222222222222222,0.3333333333333333,8.88888888888889,0.0,0.023529411764705882,0.03529411764705882,0.9411764705882353,0.0
UmVhY3Rpb246MTc0NDcy,0.08,0.12,9.6,0.0,0.008163265306122448,0.012244897959183673,0.9795918367346937,0.0
UmVhY3Rpb246MTc0NDc0,0.10526315789473684,0.15789473684210525,9.473684210526315,0.0,0.010810810810810811,0.016216216216216217,0.9729729729729729,0.0
UmVhY3Rpb246ODI3MTQ=,0.10526315789473684,0.15789473684210525,9.473684210526315,0.0,0.010810810810810811,0.016216216216216217,0.9729729729729729,0.0
UmVhY3Rpb246OTI=,0.6666666666666666,1.0,6.666666666666667,0.0,0.07999999999999999,0.12,0.7999999999999999,0.0
UmVhY3Rpb246NzY2,1.3333333333333333,2.0,3.3333333333333335,0.0,0.19999999999999998,0.3,0.5,0.0
UmVhY3Rpb246NzU3,1.3333333333333333,2.0,3.3333333333333335,0.0,0.19999999999999998,0.3,0.5,0.0
UmVhY3Rpb246OTM=,0.6666666666666666,1.0,6.666666666666667,0.0,0.07999999999999999,0.12,0.7999999999999999,0.0
UmVhY3Rpb246NDMxNjE4,0.2222222222222222,0.3888888888888889,8.88888888888889,0.0,0.023391812865497075,0.04093567251461988,0.9356725146198831,0.0
UmVhY3Rpb246NDM0MDMz,0.14634146341463414,0.17073170731707318,9.463414634146341,0.6829268292682927,0.013986013986013986,0.01631701631701632,0.9044289044289044,0.06526806526806528
UmVhY3Rpb246MQ==,0.6666666666666666,1.1666666666666667,6.666666666666667,0.0,0.0784313725490196,0.13725490196078433,0.7843137254901961,0.0
UmVhY3Rpb246Nzcx,1.3333333333333333,2.3333333333333335,3.3333333333333335,0.0,0.19047619047619047,0.33333333333333337,0.4761904761904762,0.0
UmVhY3Rpb246NzY4,1.3333333333333333,2.3333333333333335,3.3333333333333335,0.0,0.19047619047619047,0.33333333333333337,0.4761904761904762,0.0
UmVhY3Rpb246Nzc1,1.3333333333333333,2.3333333333333335,3.3333333333333335,0.0,0.19047619047619047,0.33333333333333337,0.4761904761904762,0.0
UmVhY3Rpb246NzY3,1.3333333333333333,2.3333333333333335,3.3333333333333335,0.0,0.19047619047619047,0.33333333333333337,0.4761904761904762,0.0
UmVhY3Rpb246NzY5,1.3333333333333333,2.3333333333333335,3.3333333333333335,0.0,0.19047619047619047,0.33333333333333337,0.4761904761904762,0.0
UmVhY3Rpb246Njkx,1.25,1.0,2.0,0.0,0.29411764705882354,0.23529411764705882,0.47058823529411764,0.0
UmVhY3Rpb246NzE0,1.25,1.0,2.0,0.0,0.29411764705882354,0.23529411764705882,0.47058823529411764,0.0
UmVhY3Rpb246NjQ=,1.2,0.8,6.4,0.0,0.14285714285714285,0.09523809523809523,0.7619047619047619,0.0
UmVhY3Rpb246NjY=,1.2,0.8,6.4,0.0,0.14285714285714285,0.09523809523809523,0.7619047619047619,0.0
UmVhY3Rpb246NzUw,1.6666666666666667,2.6666666666666665,2.6666666666666665,0.0,0.2380952380952381,0.38095238095238093,0.38095238095238093,0.0
UmVhY3Rpb246NDMzMDk5,1.03125,0.09375,7.0,0.0,0.12692307692307692,0.011538461538461539,0.8615384615384616,0.0
UmVhY3Rpb246NDMzMTA1,1.025,0.075,7.2,0.0,0.12349397590361444,0.009036144578313253,0.8674698795180722,0.0
UmVhY3Rpb246NzM4,1.2,0.6,1.6,0.0,0.35294117647058826,0.17647058823529413,0.4705882352941177,0.0
UmVhY3Rpb246NzI0,1.2,0.6,1.6,0.0,0.35294117647058826,0.17647058823529413,0.4705882352941177,0.0
UmVhY3Rpb246NzU5,1.5,1.25,2.0,0.0,0.3157894736842105,0.2631578947368421,0.42105263157894735,0.0
UmVhY3Rpb246NDMxNjA3,1.1111111111111112,0.3333333333333333,7.111111111111111,0.0,0.12987012987012989,0.03896103896103896,0.8311688311688311,0.0
UmVhY3Rpb246NDM1NTgx,1.1111111111111112,0.3333333333333333,7.111111111111111,0.0,0.12987012987012989,0.03896103896103896,0.8311688311688311,0.0
UmVhY3Rpb246MTc0NDY2,1.0526315789473684,0.15789473684210525,7.578947368421052,0.0,0.11976047904191617,0.017964071856287425,0.8622754491017964,0.0
UmVhY3Rpb246ODI3MTk=,1.0526315789473684,0.15789473684210525,7.578947368421052,0.0,0.11976047904191617,0.017964071856287425,0.8622754491017964,0.0
UmVhY3Rpb246MTAw,1.3333333333333333,1.0,5.333333333333333,0.0,0.17391304347826086,0.13043478260869565,0.6956521739130435,0.0
UmVhY3Rpb246NDEwOQ==,1.0526315789473684,0.15789473684210525,7.578947368421052,0.0,0.11976047904191617,0.017964071856287425,0.8622754491017964,0.0
UmVhY3Rpb246MTAy,1.3333333333333333,1.0,5.333333333333333,0.0,0.17391304347826086,0.13043478260869565,0.6956521739130435,0.0
UmVhY3Rpb246Nzcz,1.6666666666666667,2.0,2.6666666666666665,0.0,0.26315789473684215,0.31578947368421056,0.42105263157894735,0.0
UmVhY3Rpb246NDEwOA==,1.1,0.3,7.2,0.0,0.12790697674418605,0.03488372093023256,0.8372093023255814,0.0
UmVhY3Rpb246NzYz,1.6666666666666667,2.0,2.6666666666666665,0.0,0.26315789473684215,0.31578947368421056,0.42105263157894735,0.0
UmVhY3Rpb246NDM0MDQw,1.0666666666666667,0.23333333333333334,7.533333333333333,0.9333333333333333,0.1092150170648464,0.02389078498293515,0.7713310580204777,0.0955631399317406
UmVhY3Rpb246NDM0MDUw,1.0425531914893618,0.14893617021276595,7.723404255319149,0.8936170212765957,0.10629067245119307,0.015184381778741866,0.787418655097614,0.0911062906724512
UmVhY3Rpb246NDM0MDU0,1.048780487804878,0.17073170731707318,7.658536585365853,0.6829268292682927,0.10969387755102042,0.01785714285714286,0.8010204081632653,0.07142857142857144
UmVhY3Rpb246Nzgw,1.6666666666666667,2.3333333333333335,2.6666666666666665,0.0,0.25,0.35000000000000003,0.39999999999999997,0.0
UmVhY3Rpb246Nzkz,1.6666666666666667,2.3333333333333335,2.6666666666666665,0.0,0.25,0.35000000000000003,0.39999999999999997,0.0
UmVhY3Rpb246Nzk4,1.6666666666666667,2.3333333333333335,2.6666666666666665,0.0,0.25,0.35000000000000003,0.39999999999999997,0.0
UmVhY3Rpb246MTI=,1.3333333333333333,1.1666666666666667,5.333333333333333,0.0,0.1702127659574468,0.14893617021276598,0.6808510638297872,0.0
UmVhY3Rpb246Nzk1,1.6666666666666667,2.3333333333333335,2.6666666666666665,0.0,0.25,0.35000000000000003,0.39999999999999997,0.0
UmVhY3Rpb246Nzkx,1.6666666666666667,2.3333333333333335,2.6666666666666665,0.0,0.25,0.35000000000000003,0.39999999999999997,0.0
UmVhY3Rpb246MzM5Mzg5,1.8666666666666667,0.26666666666666666,8.0,0.0,0.1842105263157895,0.026315789473684213,0.7894736842105263,0.0
UmVhY3Rpb246MzM5Mzkw,1.8666666666666667,0.26666666666666666,8.0,0.0,0.1842105263157895,0.026315789473684213,0.7894736842105263,0.0
UmVhY3Rpb246NDM1NTg1,2.0,0.3333333333333333,8.88888888888889,0.0,0.17821782178217824,0.029702970297029705,0.7920792079207921,0.0
UmVhY3Rpb246MzM5Mjk0,1.8666666666666667,0.26666666666666666,1.6,0.0,0.5,0.07142857142857142,0.4285714285714286,0.0
UmVhY3Rpb246MzM5MzYx,1.8666666666666667,0.26666666666666666,0.8,0.0,0.6363636363636365,0.09090909090909091,0.27272727272727276,0.0
UmVhY3Rpb246MzM5MzYy,1.8666666666666667,0.26666666666666666,0.8,0.0,0.6363636363636365,0.09090909090909091,0.27272727272727276,0.0
UmVhY3Rpb246MzM5NzQx,1.8666666666666667,1.8666666666666667,8.0,0.0,0.15909090909090912,0.15909090909090912,0.6818181818181819,0.0
UmVhY3Rpb246MzM5NzQy,1.8666666666666667,1.8666666666666667,8.0,0.0,0.15909090909090912,0.15909090909090912,0.6818181818181819,0.0
UmVhY3Rpb246MzM5NzQz,1.8666666666666667,1.8666666666666667,8.0,0.0,0.15909090909090912,0.15909090909090912,0.6818181818181819,0.0
UmVhY3Rpb246NDM1NTQz,2.0,2.111111111111111,8.88888888888889,0.0,0.15384615384615385,0.1623931623931624,0.6837606837606838,0.0
UmVhY3Rpb246NDM1NzU0,2.0,2.111111111111111,0.0,0.0,0.4864864864864865,0.5135135135135136,0.0,0.0
UmVhY3Rpb246Njg5,1.5,1.0,1.75,3.5,0.1935483870967742,0.12903225806451613,0.22580645161290322,0.45161290322580644
UmVhY3Rpb246NzEz,1.5,1.0,1.75,3.5,0.1935483870967742,0.12903225806451613,0.22580645161290322,0.45161290322580644
UmVhY3Rpb246NDMyOTcz,1.925,0.075,6.3,12.6,0.09210526315789475,0.0035885167464114833,0.3014354066985646,0.6028708133971292
UmVhY3Rpb246NzM0,1.4,0.6,1.4,2.8,0.2258064516129032,0.0967741935483871,0.2258064516129032,0.4516129032258064
UmVhY3Rpb246NzQ2,1.4,0.6,1.4,2.8,0.2258064516129032,0.0967741935483871,0.2258064516129032,0.4516129032258064
UmVhY3Rpb246NDM1NzUy,2.0,0.3333333333333333,6.222222222222222,12.444444444444445,0.09523809523809523,0.015873015873015872,0.2962962962962963,0.5925925925925926
UmVhY3Rpb246MTc0NTE2,2.0,0.12,6.72,13.44,0.08976660682226212,0.0053859964093357264,0.3016157989228007,0.6032315978456014
UmVhY3Rpb246MTc0NTE4,2.0,0.15789473684210525,6.631578947368421,13.263157894736842,0.09069212410501193,0.007159904534606205,0.3007159904534606,0.6014319809069212
UmVhY3Rpb246ODI3MTY=,2.0,0.15789473684210525,6.631578947368421,13.263157894736842,0.09069212410501193,0.007159904534606205,0.3007159904534606,0.6014319809069212
UmVhY3Rpb246Nzky,2.0,2.0,2.3333333333333335,4.666666666666667,0.18181818181818182,0.18181818181818182,0.21212121212121213,0.42424242424242425
UmVhY3Rpb246OTU=,2.0,1.0,4.666666666666667,9.333333333333334,0.11764705882352941,0.058823529411764705,0.27450980392156865,0.5490196078431373
UmVhY3Rpb246NDM0MDcx,1.9361702127659575,0.14893617021276595,6.829787234042553,13.404255319148936,0.08674928503336511,0.00667302192564347,0.3060057197330791,0.6005719733079123
UmVhY3Rpb246NDM0MDc1,1.951219512195122,0.17073170731707318,6.7560975609756095,13.317073170731707,0.0879120879120879,0.007692307692307693,0.30439560439560437,0.6
UmVhY3Rpb246NQ==,2.0,1.1666666666666667,4.666666666666667,9.333333333333334,0.11650485436893203,0.06796116504854369,0.27184466019417475,0.5436893203883495
UmVhY3Rpb246NA==,2.0,1.1666666666666667,4.666666666666667,9.333333333333334,0.11650485436893203,0.06796116504854369,0.27184466019417475,0.5436893203883495
UmVhY3Rpb246Ng==,2.0,1.1666666666666667,4.666666666666667,9.333333333333334,0.11650485436893203,0.06796116504854369,0.27184466019417475,0.5436893203883495
UmVhY3Rpb246NzI1,1.5,1.0,1.25,0.0,0.4,0.26666666666666666,0.3333333333333333,0.0
UmVhY3Rpb246Njk0,1.5,1.0,1.25,0.0,0.4,0.26666666666666666,0.3333333333333333,0.0
UmVhY3Rpb246NzIw,1.4,0.6,1.0,0.0,0.4666666666666666,0.19999999999999998,0.3333333333333333,0.0
UmVhY3Rpb246NzQy,1.4,0.6,1.0,0.0,0.4666666666666666,0.19999999999999998,0.3333333333333333,0.0
UmVhY3Rpb246NDMyOTg1,1.925,0.075,5.4,12.6,0.09625,0.00375,0.27,0.63
UmVhY3Rpb246NDM1NzAx,2.0,0.3333333333333333,5.333333333333333,12.444444444444445,0.09944751381215469,0.016574585635359115,0.26519337016574585,0.6187845303867403
UmVhY3Rpb246MzM5MTYx,1.8666666666666667,0.26666666666666666,0.8,0.0,0.6363636363636365,0.09090909090909091,0.27272727272727276,0.0
UmVhY3Rpb246MzM5MTYy,1.8666666666666667,0.26666666666666666,0.8,0.0,0.6363636363636365,0.09090909090909091,0.27272727272727276,0.0
UmVhY3Rpb246MzM5MDg4,1.8666666666666667,1.0666666666666667,8.0,0.0,0.17073170731707318,0.0975609756097561,0.7317073170731707,0.0
UmVhY3Rpb246MzM5MDg5,1.8666666666666667,1.0666666666666667,8.0,0.0,0.17073170731707318,0.0975609756097561,0.7317073170731707,0.0
UmVhY3Rpb246NDM1Njk3,2.0,2.111111111111111,8.88888888888889,0.0,0.15384615384615385,0.1623931623931624,0.6837606837606838,0.0
UmVhY3Rpb246MzM5Njg3,1.8666666666666667,1.8666666666666667,8.0,11.2,0.08139534883720931,0.08139534883720931,0.3488372093023256,0.4883720930232558
UmVhY3Rpb246MzM5Njg4,1.8666666666666667,1.8666666666666667,8.0,11.2,0.08139534883720931,0.08139534883720931,0.3488372093023256,0.4883720930232558
UmVhY3Rpb246NDM1Njc1,2.0,3.0,8.88888888888889,12.444444444444445,0.0759493670886076,0.1139240506329114,0.3375527426160338,0.47257383966244726
UmVhY3Rpb246MzM5NjY4,1.8666666666666667,0.26666666666666666,8.0,0.0,0.1842105263157895,0.026315789473684213,0.7894736842105263,0.0
UmVhY3Rpb246NzAx,1.4,0.6,2.0,0.0,0.35,0.15,0.5,0.0
UmVhY3Rpb246Njg1,1.4,0.6,2.0,0.0,0.35,0.15,0.5,0.0
UmVhY3Rpb246NzE4,1.5,1.0,1.75,0.0,0.35294117647058826,0.23529411764705882,0.4117647058823529,0.0
UmVhY3Rpb246Njgx,1.5,1.0,1.75,0.0,0.35294117647058826,0.23529411764705882,0.4117647058823529,0.0
UmVhY3Rpb246NDMzMDc1,1.90625,0.09375,6.125,0.0,0.23461538461538461,0.011538461538461539,0.7538461538461538,0.0
UmVhY3Rpb246NDMzMDgx,1.925,0.075,6.3,0.0,0.2319277108433735,0.009036144578313253,0.7590361445783131,0.0
UmVhY3Rpb246NzU4,1.4,0.6,1.4,0.0,0.4117647058823529,0.17647058823529413,0.4117647058823529,0.0
UmVhY3Rpb246NDMxNjA5,2.0,0.3333333333333333,6.222222222222222,0.0,0.23376623376623376,0.03896103896103896,0.7272727272727273,0.0
UmVhY3Rpb246NDM1NTM3,2.0,0.3333333333333333,6.222222222222222,0.0,0.23376623376623376,0.03896103896103896,0.7272727272727273,0.0
UmVhY3Rpb246ODI3MTg=,2.0,0.15789473684210525,6.631578947368421,0.0,0.22754491017964074,0.017964071856287425,0.7544910179640719,0.0
UmVhY3Rpb246NzYx,2.0,2.0,2.3333333333333335,0.0,0.31578947368421056,0.31578947368421056,0.368421052631579,0.0
UmVhY3Rpb246Njcx,1.3333333333333333,0.4444444444444444,0.7777777777777778,0.0,0.5217391304347826,0.17391304347826086,0.30434782608695654,0.0
UmVhY3Rpb246Nzg4,2.0,2.3333333333333335,2.3333333333333335,0.0,0.3,0.35000000000000003,0.35000000000000003,0.0
UmVhY3Rpb246Nzc4,2.0,2.3333333333333335,2.3333333333333335,0.0,0.3,0.35000000000000003,0.35000000000000003,0.0
UmVhY3Rpb246Nzgz,2.0,2.3333333333333335,2.3333333333333335,0.0,0.3,0.35000000000000003,0.35000000000000003,0.0
UmVhY3Rpb246Nzg1,2.0,2.3333333333333335,2.3333333333333335,0.0,0.3,0.35000000000000003,0.35000000000000003,0.0
UmVhY3Rpb246Nzgx,2.0,2.3333333333333335,2.3333333333333335,0.0,0.3,0.35000000000000003,0.35000000000000003,0.0
UmVhY3Rpb246NzMw,1.25,1.0,1.75,0.0,0.3125,0.25,0.4375,0.0
UmVhY3Rpb246NzA1,1.25,1.0,1.75,0.0,0.3125,0.25,0.4375,0.0
UmVhY3Rpb246NzYy,1.6666666666666667,2.6666666666666665,2.3333333333333335,0.0,0.25,0.39999999999999997,0.35000000000000003,0.0
UmVhY3Rpb246NDMzMDA5,1.025,0.075,6.3,0.0,0.1385135135135135,0.010135135135135134,0.8513513513513513,0.0
UmVhY3Rpb246NzQ3,1.2,0.6,1.4,0.0,0.37499999999999994,0.18749999999999997,0.43749999999999994,0.0
UmVhY3Rpb246NzI4,1.2,0.6,1.4,0.0,0.37499999999999994,0.18749999999999997,0.43749999999999994,0.0
UmVhY3Rpb246ODA2,1.2,0.6,1.4,0.0,0.37499999999999994,0.18749999999999997,0.43749999999999994,0.0
UmVhY3Rpb246ODA1,1.2,0.6,1.4,0.0,0.37499999999999994,0.18749999999999997,0.43749999999999994,0.0
UmVhY3Rpb246NDM1Njk1,1.1111111111111112,0.3333333333333333,6.222222222222222,0.0,0.14492753623188406,0.043478260869565216,0.8115942028985507,0.0
UmVhY3Rpb246NzY0,1.6666666666666667,2.0,2.3333333333333335,0.0,0.2777777777777778,0.3333333333333333,0.3888888888888889,0.0
UmVhY3Rpb246Nzc3,1.6666666666666667,2.0,2.3333333333333335,0.0,0.2777777777777778,0.3333333333333333,0.3888888888888889,0.0
UmVhY3Rpb246Nzk5,1.6666666666666667,2.3333333333333335,2.3333333333333335,0.0,0.26315789473684215,0.368421052631579,0.368421052631579,0.0
UmVhY3Rpb246Nzk2,1.6666666666666667,2.3333333333333335,2.3333333333333335,0.0,0.26315789473684215,0.368421052631579,0.368421052631579,0.0
UmVhY3Rpb246ODAw,1.6666666666666667,2.3333333333333335,2.3333333333333335,0.0,0.26315789473684215,0.368421052631579,0.368421052631579,0.0
UmVhY3Rpb246ODAx,1.6666666666666667,2.3333333333333335,2.3333333333333335,0.0,0.26315789473684215,0.368421052631579,0.368421052631579,0.0
UmVhY3Rpb246Nzk3,1.6666666666666667,2.3333333333333335,2.3333333333333335,0.0,0.26315789473684215,0.368421052631579,0.368421052631579,0.0
